Sector,1995,1996,1997,1998,1999,2000,2001,2002,2003,2004,2005,2006,2007,2008,2009,2010,2011,2012,2013,2014,2015,2016,2017,2018,2019,2020,2021,2022,2023
Production,162716,177061,190474,206417,218157,235777,252968,271765,290199,314690,322952,356499,379354,386993,375014,354705,323299,304176,297189,292166,289314,278660,288662,298370,308201,268864,311809,369900,387141
Compensation of employees,26786,29300,33418,37060,40571,43242,46496,53236,58388,62938,67107,71963,77481,81555,83329,80785,74510,68026,62444,62726,61090,62287,62680,64947,66769,63888,68762,71983,76071
Taxes on production and imports,11426,12948,14578,15470,17335,18455,19383,21001,21680,22444,23632,26688,29241,30413,27826,28454,27971,27203,26615,28728,29137,30899,31221,31911,32270,27772,31408,39453,38388
Taxes on products,10817,12124,13733,14537,16186,17292,18420,20060,20661,21373,22490,25299,27813,28333,25420,26640,25608,23843,22785,22717,22604,24393,24576,25871,26321,22261,25201,32969,31762
Other taxes on production,609,824,845,933,1149,1163,963,941,1019,1071,1142,1389,1428,2080,2406,1814,2363,3360,3830,6011,6533,6506,6645,6040,5949,5511,6207,6484,6626
Subsidies,2799,2840,2948,3123,2893,2824,2269,3019,3170,3227,3375,3050,3607,3499,3786,3475,4293,5197,5648,5140,5029,4890,4976,4744,5195,8966,11482,14459,6951
Subsidies on products,2580,2517,2623,2877,2557,2447,1898,2593,2477,2693,2334,758,692,468,531,525,668,1874,2616,2164,2205,2159,2248,2115,2171,2213,1926,8952,3462
Other subsidies on production,219,323,325,246,335,377,371,426,693,534,1041,2292,2915,3030,3255,2950,3624,3324,3032,2975,2825,2731,2728,2629,3024,6753,9556,5507,3489
Property income,38622,37009,33837,37046,37131,36075,28355,26680,24502,25306,25330,29889,41184,53084,37532,33290,32827,30605,21301,20271,17435,15089,15339,13239,15809,15406,17233,22288,35860
Interest,35647,33110,29914,32253,30374,29105,20168,18303,15489,16116,17366,22224,32503,42156,28917,26081,27771,24592,16346,14046,11989,10168,9392,8606,9323,9518,10643,13119,26992
Distributed Income of Corporations,2410,3119,2944,3676,5419,5706,6804,6744,6992,7066,6064,5790,6818,9449,6834,5134,3498,3210,2785,2884,2928,3657,4930,3573,5138,4707,5267,7509,7098
Reinvested Earnings on Foreign Direct Investment,19,21,22,29,49,66,96,111,324,340,395,302,332,240,396,614,159,717,278,1906,1396,288,4,55,236,102,256,581,581
Other investment income,262,380,569,667,832,731,722,891,996,1057,776,820,767,517,692,791,677,1368,1280,876,590,462,501,511,624,601,587,600,702
Rent,284,379,388,421,458,467,563,631,701,727,728,753,764,722,693,670,721,719,612,559,532,515,512,495,489,478,480,479,487
"Current taxes on income, wealth, etc.",6109,6597,8192,10664,11871,13816,13079,14481,14476,15618,17878,18009,19199,19640,20292,18682,19102,20680,18934,17419,16777,17776,17734,18598,17224,15539,17244,19700,23256
Social Contributions and Benefits,30702,33699,37890,42203,46182,49108,53691,59385,66224,69877,75621,81932,90703,99655,102843,100297,95857,90459,81583,79630,79852,80859,80833,81472,83259,82330,86109,90632,94152
Social contributions,10041,11146,12611,14125,15403,17010,18455,21315,23167,24437,25587,27037,30173,32125,30975,31278,28984,27949,25956,25151,25394,25954,26957,27313,27666,26432,28040,29849,30080
Social benefits other than social transfers in kind,10586,11732,12996,14694,16154,17960,19827,21271,24193,25692,27979,31413,34964,40057,43004,41455,41858,39927,35547,35941,35801,35913,35046,35145,35306,34958,36059,37687,39378
Social transfers in kind,10076,10820,12283,13385,14625,14138,15409,16799,18864,19748,22056,23482,25566,27473,28864,27564,25015,22583,20080,18538,18657,18992,18830,19013,20287,20940,22009,23096,24694
Other current transfers,6305,6947,7023,7518,7668,7865,9126,8233,8854,9982,8925,9362,8783,10875,11661,11866,11042,9657,11436,8651,8531,8717,8012,8517,9591,9333,8983,9204,9474
Net non-life insurance premiums,372,500,533,561,607,531,708,1183,1218,1336,766,989,953,908,1362,1676,1573,1166,1054,737,804,743,789,907,862,693,651,852,860
Non-life insurance claims,384,516,549,578,626,547,730,1219,1255,1377,789,1019,983,936,1403,1727,1772,1355,1281,1117,978,886,995,1081,1071,826,819,956,1049
"Other Current transfers, not elsewhere classified",5549,5931,5940,6379,6435,6787,7688,5831,6380,7269,7370,7355,6847,9032,8896,8463,7698,7136,9101,6796,6749,7088,6227,6529,7659,7815,7513,7396,7564
Adjustment for the change in pension entitlements,0,0,0,0,-1,-1,-1,-1,-1,-1,-2,-2,-2,-2,-4,-5,-5,-5,-7,-7,-7,19,49,20,20,24,25,25,24
"Capital transfers, receivable",2041,2658,3283,4444,4294,6513,3953,3375,4802,6628,5061,5878,7126,8690,6208,7505,7953,13423,28712,5452,11685,3728,3449,5672,5812,13066,12693,9878,12604
Capital taxes,293,293,342,339,324,435,428,376,291,324,394,325,303,614,524,250,250,161,162,137,166,136,179,160,270,191,230,262,259
Capital Grants and other capital transfers,1748,2365,2941,4105,3970,6078,3525,2999,4511,6304,4667,5553,6823,8076,5684,7255,7703,13262,28550,5315,11519,3592,3270,5512,5542,12875,12463,9616,12345
Intermediate consumption,79334,86153,90556,97170,103317,114682,122253,130526,134495,144728,148600,167014,177498,176429,165835,157510,144951,140409,139394,136811,134534,126644,133880,141735,147468,121628,150793,186491,190612
Final consumption expenditure / Actual final consumption,79514,87008,95143,103869,110792,115706,125905,136036,146257,157598,167900,178435,193420,206959,210889,199553,186396,171404,160637,157173,155881,154962,158638,160789,165497,157239,166133,186353,198193
Individual consumption expenditure / Actual individual consumption,71953,78631,85951,94084,100045,102634,111325,119766,129434,138343,148180,155854,169031,181901,181537,174054,163808,149535,140801,136465,135380,134998,138404,141549,146006,137420,145707,165460,176414
Collective consumption expenditure / Actual collective consumption,7561,8377,9192,9785,10747,13072,14580,16270,16823,19255,19720,22581,24389,25058,29352,25499,22588,21869,19836,20708,20501,19964,20234,19240,19491,19819,20426,20893,21779
Gross capital formation,19033,21905,23498,28742,29899,35556,37071,37623,45506,47565,43177,56340,61151,59316,44331,40729,28632,22792,21575,21370,21058,21750,21087,23395,22406,22687,32269,41538,37678
Gross fixed capital formation,19241,22255,24007,29683,32664,35317,37742,37939,43312,47311,41598,51553,58538,55579,47892,37608,28213,22828,20548,19780,19572,19832,21373,20466,20315,20607,25456,31042,34152
Changes in inventories,-287,-417,-577,-1017,-2835,136,-884,-415,2062,121,1437,4641,2082,3552,-3688,2841,361,-36,1037,1566,1465,1915,-289,2883,2039,2062,6769,10434,3359
Acquisitions less disposals of valuables,79,67,68,76,71,103,214,99,132,133,143,146,531,185,127,279,58,1,-9,24,21,4,4,47,52,18,44,61,167
Compensation of employees,26745,29273,33363,36975,40271,42937,46227,53015,58255,62885,67083,71981,77514,81702,83529,81039,74886,68387,62778,63106,62288,63530,64076,66361,68216,65290,70114,73551,77454
Taxes on production and imports,11576,13097,14743,15649,17534,18676,19585,21198,21887,22706,23898,26961,29548,30720,28080,28734,28159,27367,26765,28892,29412,31196,31578,32238,32653,28114,31783,40003,38853
Taxes on products,10967,12273,13898,14716,16385,17513,18622,20257,20868,21635,22756,25572,28120,28640,25674,26920,25796,24007,22935,22881,22787,24592,24844,26096,26620,22516,25485,33398,32131
Other taxes on production,609,824,845,933,1149,1163,963,941,1019,1071,1142,1389,1428,2080,2406,1814,2363,3360,3830,6011,6625,6604,6734,6142,6033,5598,6298,6605,6722
Subsidies,150,238,55,28,32,13,39,52,251,189,169,80,195,99,234,343,1330,2295,2875,2427,2341,2285,2298,2142,2475,6343,8729,11555,4022
Subsidies on products,2,11,10,12,13,13,16,28,59,69,76,48,61,43,159,292,442,1650,2401,1964,1917,1875,1880,1752,1815,1864,1581,8604,3031
Other subsidies on production,148,227,45,16,19,0,23,24,192,120,93,32,134,56,75,51,888,645,474,463,424,410,418,390,660,4479,7148,2951,991
Property income,39339,38169,34978,38448,38313,37622,30277,28759,28342,29512,30988,36994,50593,63582,46280,40844,40859,32522,24936,22781,19998,18127,18346,17455,19415,17978,19577,25791,43986
Interest,36110,33954,30778,33352,31080,29713,21674,19832,18333,19236,21294,27413,39309,50811,37110,34300,37125,29833,20721,18374,14784,12429,11622,11756,11926,11341,11831,14940,33032
Distributed Income of Corporations,2427,3154,2956,3659,5572,6189,7166,7228,7768,7892,7487,7315,8909,11221,8139,6789,4498,3703,2946,3227,3715,4330,5329,4447,5831,5318,5965,8183,8211
Reinvested Earnings on Foreign Direct Investment,256,302,288,350,378,473,150,180,544,601,700,693,841,294,-367,-1704,-2161,-3098,-606,-220,421,452,459,337,683,369,873,1753,1753
Other investment income,262,379,568,666,831,731,722,890,995,1056,776,819,765,516,691,789,675,1365,1264,841,546,402,423,421,486,472,428,435,502
Rent,284,379,388,421,453,516,566,630,702,727,731,754,768,739,707,670,721,719,612,559,532,515,512,495,489,478,480,479,487
"Current taxes on income, wealth, etc.",6056,6534,8132,10593,11802,13665,12968,14341,14256,15378,17506,17638,18740,19444,20165,18246,18763,20456,18817,17311,16667,17637,17541,18397,17087,15447,17129,19572,23080
Social Contributions and Benefits,30671,33662,37854,42161,46136,49054,53635,59337,66190,69840,75577,81876,90637,99573,102760,100222,95763,90366,81492,79531,79614,80617,80564,81199,82976,82063,85847,90333,93887
Social contributions,10010,11109,12575,14082,15356,16956,18399,21267,23133,24400,25543,26981,30106,32043,30893,31202,28890,27855,25866,25052,25156,25712,26688,27040,27383,26165,27778,29550,29815
Social benefits other than social transfers in kind,10586,11732,12996,14694,16154,17960,19827,21271,24193,25692,27979,31413,34964,40057,43004,41455,41858,39927,35547,35941,35801,35913,35046,35145,35306,34958,36059,37687,39378
Social transfers in kind,10076,10820,12283,13385,14625,14138,15409,16799,18864,19748,22056,23482,25566,27473,28864,27564,25015,22583,20080,18538,18657,18992,18830,19013,20287,20940,22009,23096,24694
Other current transfers,4154,4948,5193,5779,6432,6705,8029,7637,8202,9543,9304,9607,10459,11710,13004,13681,12893,10653,10163,9642,9485,9655,8650,9423,9558,9426,9455,9272,10189
Net non-life insurance premiums,384,516,549,578,626,547,730,1219,1255,1377,789,1019,983,936,1403,1727,1772,1355,1281,1000,978,886,995,1081,1071,826,819,956,1049
Non-life insurance claims,372,500,533,561,607,531,708,1183,1218,1336,766,989,953,908,1362,1676,1573,1166,1054,854,804,743,789,907,862,693,651,852,860
"Other Current transfers, not elsewhere classified",3398,3933,4111,4641,5199,5627,6591,5235,5729,6830,7749,7599,8524,9866,10240,10278,9548,8132,7828,7788,7703,8026,6866,7435,7625,7908,7985,7464,8280
Adjustment for the change in pension entitlements,0,0,0,0,-1,-1,-1,-1,-1,-1,-2,-2,-2,-2,-4,-5,-5,-5,-7,-7,-7,19,49,20,20,24,25,25,24
"Capital transfers, payable",1005,609,1524,2174,1969,3091,2304,2430,2883,3946,1938,1282,2146,4877,3939,3598,3916,9144,23995,1779,7279,961,1337,3163,3158,9588,7801,5417,7377
Capital taxes,293,293,342,339,324,435,428,376,291,324,394,325,303,614,524,250,250,161,162,137,166,136,179,160,270,191,230,262,259
Capital Grants and other capital transfers,712,316,1182,1835,1645,2656,1876,2054,2592,3622,1544,957,1843,4263,3415,3348,3666,8983,23833,1642,7113,825,1158,3003,2888,9397,7571,5155,7118
Consumption of fixed capital,13004,14280,15582,17254,18770,20517,22430,24367,26143,27800,28951,31547,33959,36798,38097,37827,36006,34295,32521,30738,29455,28511,27973,27566,26959,26540,26862,28344,29509
Acquisitions less disposals of non-financial non-produced assets,1,1,3,5,0,-2,-230,8,-14,-12,44,0,-22,-181,-86,-13,-9,51,170,187,269,115,96,253,296,138,4,-683,59
Gross domestic product,91769,100664,111193,121086,128668,136162,147439,158903,174096,188904,194774,214298,229283,238735,234322,223590,203475,185899,178114,176072,175363,174449,177378,180616,185182,167540,184575,207855,225197
Net domestic product,78765,86383,95611,103833,109898,115645,125008,134536,147953,161104,165823,182751,195324,201937,196225,185763,167469,151604,145593,145334,145908,145938,149405,153050,158222,141000,157712,179510,195689
"Operating surplus + Mixed income, gross",56247,61134,66035,71586,73755,77373,83897,87709,97124,106540,107167,118406,125828,129812,126499,117292,104723,95343,94219,89214,88692,84613,86700,86762,89508,83102,94160,108759,115842
"of which: Mixed income, gross",27964,30684,33511,36377,37863,39035,42483,45122,50162,53502,52773,58729,61291,61257,59581,52279,43102,39444,39287,38843,39078,37470,40271,37458,42163,36710,44150,47121,51070
"National income, gross",93592,101983,112836,122687,130446,137509,147814,159814,173101,187527,192079,209873,222947,231183,228672,218634,197842,186361,176768,175730,174015,172476,175296,177262,182466,165847,183257,205137,218152
"Disposable income/Adjusted disposable income, gross",95828,104082,114760,124539,131798,138874,149078,160598,174007,188244,192116,210055,221796,230627,227537,217330,196424,185683,178248,174945,173408,171920,175119,176830,182919,166113,183162,205496,217878
"Saving, gross",16314,17073,19617,20670,21006,23168,23173,24562,27751,30646,24217,31620,28377,23668,16648,17777,10028,14280,17611,17772,17527,16958,16481,16041,17422,8873,17029,19144,19686
Net lending(+) / net borrowing(-),-1684,-2784,-2125,-5807,-6568,-8964,-12018,-12126,-15822,-14225,-15881,-20124,-27773,-31654,-25328,-19032,-14558,-4285,584,-112,606,-2142,-2590,-5099,-2627,-10474,-10352,-17251,-12824
