,1995,,1996,,1997,,1998,,1999,,2000,,2001,,2002,,2003,,2004,,2005,,2006,,2007,,2008,,2009,,2010,,2011,,2012,,2013,,2014,,2015,,2016,,2017,,2018,,2019,,2020,,2021,,2022,,2023,
,,,,,,,,,,,,,,,,,,,,,,,,,,,,,,,,,,,,,,,,,,,,,,,,,,,,,,,,,,
,Total,Employees,Total,Employees,Total,Employees,Total,Employees,Total,Employees,Total,Employees,Total,Employees,Total,Employees,Total,Employees,Total,Employees,Total,Employees,Total,Employees,Total,Employees,Total,Employees,Total,Employees,Total,Employees,Total,Employees,Total,Employees,Total,Employees,Total,Employees,Total,Employees,Total,Employees,Total,Employees,Total,Employees,Total,Employees,Total,Employees,Total,Employees,Total,Employees,Total,Employees
"Crop and animal production, hunting and related service activities",724.149,128.898,712.754,127.109,688.319,120.163,689.393,123.437,691.625,117.757,661.929,119.75,612.59,110.824,604.781,109.41,589.634,106.669,521.955,94.426,527.985,64.404,522.478,75.516,511.232,74.058,509.716,73.936,524.122,75.962,517.096,99.427,505.921,98.578,504.386,101.097,501.99,100.03,501.925,110.276,483.587,130.373,471.082,128.062,474.627,122.711,477.786,125.769,467.807,127.884,454.054,119.107,474.989,95.214,476.946,96.976,487.053,100.829
Forestry and logging,7.907,6.186,7.796,6.098,6.627,5.184,7.545,5.902,8.098,6.326,7.791,6.087,8.747,6.834,7.329,5.726,7.255,5.668,5.457,4.264,5.817,3.679,4.995,3.159,5.481,3.467,5.498,3.478,5.587,3.534,5.29,3.261,5.958,4.543,5.037,3.888,4.631,3.36,6.829,6.394,7.247,6.835,7.459,7.064,7.821,7.366,8.923,8.394,9.518,8.974,7.654,7.258,8.912,7.176,9.59,7.752,10.076,7.97
Fishing and aquaculture,35.472,7.227,34.788,7.087,32.646,10.121,29.978,9.294,29.17,9.662,28.737,8.908,27.232,8.442,25.808,8,24.523,7.602,24.134,7.481,24.066,7.46,23.013,7.262,23.099,7.246,22.626,7.014,21.743,7.103,21.822,7.129,20.757,7.081,20.573,7.342,20.96,7.48,21.522,9.746,20.915,10.704,21.288,11.34,20.845,11.718,20.565,13.204,21.328,13.429,19.393,12.746,20.65,12.451,21.242,12.898,21.091,12.436
Mining and quarrying,15.022,14.232,15.386,14.683,14.722,14.093,14.653,14.027,13.081,12.452,14.139,13.52,14.724,14.087,12.866,12.209,13.953,13.244,13.893,13.243,13.391,12.783,13.445,12.858,13.544,13.008,11.648,11.124,12.589,12.015,12.174,11.54,10.907,10.295,9.75,9.144,10.437,10.041,11.152,10.437,10.261,9.742,9.346,8.899,10.201,9.632,9.98,9.57,9.018,8.611,8.067,7.636,8.82,8.411,8.969,8.589,9.36,8.896
"Manufacture of food products, beverages and tobacco products",94.745,72.764,95.728,71.918,95.109,71.78,95.603,72.3,95.986,75.036,96.507,75.331,103.782,82.069,107.877,86.084,104.546,83.007,100.579,79.711,114.234,85.96,116.889,88.019,115.495,87.121,114.864,86.434,116.104,87.612,109.378,87.524,109.991,89.185,110.369,90.62,113.487,94.744,117.464,96.767,113.338,94.91,120.026,102.171,121.853,104.397,130.304,113.408,135.421,118.972,133.044,116.387,142.162,125.071,147.87,127.974,152.544,130.849
"Manufacture of textiles, wearing apparel, leather and related products",109.564,76.337,107.969,72.672,99.937,67.137,101.499,67.761,99.541,72.975,98.674,72.133,90.525,65.136,86.024,61.727,84.807,61.664,76.415,53.218,75.523,53.314,74.807,52.988,68.976,48.318,65.153,44.904,55.78,38.608,45.366,31.297,39.764,27.576,35.095,24.628,30.595,21.476,31.363,22.282,29.441,22.575,29.894,22.582,27.419,21.319,30.322,24.78,28.075,22.475,26.214,20.233,28.608,22.406,26.924,21.002,26.277,20.534
"Manufacture of wood and of products of wood and cork, except furniture; manufacture of articles of straw and plaiting materials",19.442,10.759,20.334,11.09,19.38,10.591,19.331,10.594,19.409,11.229,18.403,10.648,16.918,9.184,15.84,8.36,15.305,8.454,19.626,10.841,21.732,12.336,21.258,12.067,18.025,10.232,18.072,10.259,18.414,10.465,13.837,7.846,12.946,7.177,10.689,6.52,9.262,5.555,8.865,5.064,6.278,3.366,7.216,4.493,6.904,4.412,7.742,4.99,7.684,5.059,7.794,5.449,7.252,4.866,7.923,5.242,8.025,5.41
Manufacture of paper and paper products,11.106,8.797,11.088,8.766,11.094,8.855,11.582,8.826,11.097,9.879,10.127,9.015,8.558,7.911,9.509,8.887,7.203,6.659,7.731,6.756,8.333,7.359,8.494,7.527,8.878,7.878,9.504,8.238,9.54,8.27,8.597,7.834,8.011,7.24,7.907,7.146,6.838,6.498,8.06,7.391,7.48,6.926,7.59,7.067,7.792,7.264,9.039,8.556,8.862,8.368,8.812,8.31,9.779,9.281,10.045,9.586,10.617,10.016
Printing and reproduction of recorded media,13.955,9.906,14.256,10.045,14.313,10.169,14.789,10.553,14.882,12.187,14.17,11.604,15.993,11.987,15.729,11.959,16.491,12.646,18.512,11.913,17.445,13.393,16.837,12.405,18.047,13.295,19.954,14.075,17.839,12.583,15.653,11.041,13.396,9.449,11.372,8.54,11.115,8.347,10.581,7.42,9.422,6.452,10.257,7.395,9.784,7.075,10.343,7.302,10.821,7.639,9.91,7.219,10.51,7.717,10.278,7.49,10.373,7.414
Manufacture of coke and refined petroleum products,4.699,4.699,4.494,4.494,4.245,4.245,4.451,4.451,5.271,5.271,4.758,4.758,5.836,5.836,6.199,6.199,5.916,5.916,6.658,6.658,7.726,7.726,7.457,7.457,6.211,6.211,5.678,5.678,4.98,4.98,4.333,4.333,4.281,4.281,3.885,3.885,3.945,3.94,3.604,3.576,3.595,3.57,3.577,3.55,3.728,3.702,3.721,3.673,3.832,3.792,3.765,3.747,3.762,3.743,3.819,3.806,3.919,3.904
Manufacture of chemicals and chemical products,9.92,8.782,9.731,8.617,9.752,8.486,10.023,8.573,9.502,8.476,9.545,8.797,10.378,9.784,10.887,10.282,9.2,8.627,11.525,10.863,12.358,11.641,12.27,11.388,13.673,12.79,14.286,13.762,13.237,12.485,12.705,11.988,11.456,10.811,10.972,10.759,11.634,11.521,11.72,10.826,11.08,10.428,10.94,10.244,11.436,10.73,11.858,11.23,12.219,11.52,12.838,12.167,12.801,12.119,12.821,12.183,12.968,12.318
Manufacture of basic pharmaceutical products and pharmaceutical preparations,10.333,10.299,10.138,10.104,10.12,10.084,10.364,10.324,9.914,9.882,9.986,9.959,11.09,11.076,11.652,11.639,9.782,9.766,12.314,12.298,13.523,13.484,13.868,13.828,13.016,12.972,13.004,12.956,12.884,12.843,12.422,12.397,9.665,9.631,7.843,7.806,8.186,8.164,7.78,7.751,9.414,9.401,9.425,9.401,9.959,9.881,9.885,9.868,9.723,9.704,11.854,11.824,12.267,12.19,13.317,13.242,14.832,14.754
Manufacture of rubber and plastic products,10.279,9.167,10.29,8.837,9.982,8.567,10.105,8.703,10.134,9.161,9.798,8.857,13.157,12.089,13.066,12.024,12.051,11.054,13.444,12.494,11.699,10.661,12.06,11.084,12.776,11.801,15.795,14.621,16.342,15.073,15.136,13.927,13.62,12.568,13.079,12.069,13.601,12.862,11.867,10.827,12.487,11.522,12.36,11.446,12.167,11.26,12.813,11.77,12.944,11.877,12.955,12.085,13.556,12.68,13.4,12.601,12.957,12.336
Manufacture of other non-metallic mineral products,30.195,26.175,30.54,26.341,30.52,26.311,32.21,27.523,30.448,25.435,29.08,24.291,28.924,24.28,29.481,24.705,29.435,24.617,29.719,24.978,28.969,25.201,27.175,23.641,29.681,25.821,31.042,26.782,29.41,25.534,25.121,20.655,22.552,17.997,20.436,16.094,17.828,14.208,18.383,14.137,15.511,12.23,16.46,13.401,17.214,13.662,17.053,14.004,16.963,14.175,16.229,13.486,17.556,14.549,17.508,14.769,18.142,15.374
Manufacture of basic metals,11.054,10.929,11.184,11.125,10.799,10.781,11.41,11.125,12.112,12.063,10.963,10.918,12.087,12.078,12.955,12.94,14.666,14.645,12.654,12.544,10.3,9.298,10.101,9.055,10.167,9.073,12.869,11.669,12.706,11.521,11.999,11.516,11.016,10.506,10.028,9.557,9.052,8.616,9.21,8.779,8.67,8.329,8.747,8.399,9.352,9.048,10.242,9.966,11.204,10.928,11.37,11.103,12.051,11.795,12.572,12.325,13.048,12.781
"Manufacture of fabricated metal products, except machinery and equipment",30.121,23.96,30.329,23.994,29.283,23.403,31.06,24.822,31.004,25.132,30.862,25.021,40.181,27.646,41.504,27.355,40.048,25.95,42.289,27.303,41.069,25.731,42.238,26.684,43.143,27.249,48.929,34.941,47.785,34.269,46.757,33.897,42.736,29.401,39.641,27.234,37.227,25.851,36.245,26.122,34.573,25.157,36.047,25.536,33.677,25.404,32.983,25.265,33.18,25.309,33.612,25.691,38.007,27.517,37.958,27.305,39.664,28.5
"Manufacture of computer, electronic and optical products",3.976,3.242,4.322,3.499,4.245,3.41,4.623,3.737,4.779,3.92,4.608,3.768,5.389,4.38,6.245,5.084,7.043,5.82,5.372,3.886,6.84,5.188,5.743,3.978,6.267,4.387,5.294,4.72,4.297,3.832,5.177,4.759,5.185,4.727,4.824,4.388,4.182,3.774,4.372,3.939,4.2,3.847,4.655,4.288,4.357,3.993,3.778,3.475,3.955,3.635,3.957,3.562,5.337,5.027,5.392,4.958,5.581,5.094
Manufacture of electrical equipment,8.625,8.271,9.188,8.875,8.627,8.303,9.026,8.646,8.963,8.081,8.879,7.992,10.384,9.21,11.134,9.818,10.363,9.062,11.898,9.47,9.822,8.084,9.647,7.856,10.267,8.463,10.399,8.905,9.559,8.167,9.871,8.561,8.454,7.275,8.033,7.41,6.647,6.215,7.584,6.478,7.046,6.091,7.362,6.436,7.236,6.363,8.16,7.022,8.323,7.451,8.109,7.339,10.465,9.697,10.41,9.675,10.953,10.163
Manufacture of machinery and equipment n.e.c.,12.965,9.397,13.34,9.783,12.909,9.651,13.649,10.009,13.093,9.665,13.077,9.656,14.189,10.352,11.964,8.143,13.323,9.389,15.708,10.466,14.449,9.145,15.46,9.933,15.852,10.093,18.518,15.558,17.274,14.705,16.452,14.175,14.821,12.286,12.797,11.15,12.711,11.075,11.477,8.963,10.109,7.999,10.642,8.571,10.323,8.355,11.215,9.37,11.291,9.404,11.022,9.17,12.077,10.214,13.415,11.611,13.461,11.651
"Manufacture of motor vehicles, trailers and semi-trailers",4.278,3.458,4.062,3.183,3.965,3.163,3.84,3.078,3.907,3.355,3.996,3.432,3.865,3.324,3.19,2.693,3.636,3.122,3.905,3.237,3.04,2.557,3.12,2.65,3.119,2.656,4.688,4.318,4.17,3.831,3.606,3.244,3.072,2.812,3.094,2.814,2.29,2.078,2.06,1.526,1.872,1.415,1.883,1.433,1.874,1.423,2.151,1.713,1.97,1.509,1.838,1.371,1.841,1.379,1.853,1.388,1.944,1.456
Manufacture of other transport equipment,9.227,8.078,8.726,7.407,8.316,6.93,8.627,6.981,7.977,7.431,7.625,7.103,7.454,7.054,7.38,6.968,7.226,6.833,7.286,6.864,7.117,6.683,7.412,6.96,7.718,7.268,7.681,7.256,7.224,6.814,6.957,6.576,5.687,5.346,4.718,4.406,4.487,4.218,4.017,3.723,3.618,3.329,3.417,3.147,3.907,3.53,4.515,4.284,4.72,4.487,4.88,4.62,5.887,5.619,6.165,5.922,6.216,5.884
Manufacture of furniture,34.954,21.94,34.73,21.715,34.771,21.582,36.076,22.485,36.389,23.345,35.492,22.785,36.777,23.648,37.458,23.992,37.851,24.508,32.646,20.35,36.436,23.205,37.395,23.685,40.115,25.283,38.006,24.141,38.526,24.533,32.339,19.63,29.925,18.349,25.2,14.667,22.924,13.157,25.456,14.547,21.022,12.333,21.797,13.494,19.912,11.943,23.568,15.539,22.262,14.55,24.524,16.834,25.234,16.805,25.592,17.325,24.455,17.227
Repair and installation of machinery and equipment,7.811,6.165,7.707,5.911,7.409,5.644,7.767,5.677,7.393,6.162,7.245,6.014,7.331,6.096,7.17,5.909,7.1,5.861,7.38,5.994,7.532,4.715,7.902,6.699,7.824,6.567,13.505,9.665,12.076,8.263,11.796,7.768,11.163,7.601,10.005,7.994,11.535,8.912,15.642,11.129,13.997,9.636,15.858,11.604,14.331,10.087,15.444,11.406,15.851,11.71,16.467,12.205,18.261,13.664,20.376,15.712,21.829,17.126
"Electricity, gas, steam and air conditioning supply",38.398,37.589,38.511,37.7,37.606,36.814,37.077,36.296,36.408,35.641,35.039,34.301,32.777,31.815,29.939,28.639,26.825,25.403,26.445,24.979,26.232,24.804,27.069,24.731,27.748,24.732,24.223,21.753,23.717,20.136,24.319,20.535,26.178,20.14,26.52,20.532,28.019,20.392,31.96,22.113,30.463,22.597,32.736,24.912,31.846,23.226,31.383,23.997,31.647,23.774,31.541,23.177,31.501,22.422,32.644,22.204,33.401,22.719
"Water collection, treatment and supply",7.847,7.847,9.442,9.442,10.145,10.145,10.412,10.412,10.946,10.946,10.555,10.555,11.133,11.133,10.192,10.192,10.042,10.042,10.745,10.745,10.274,10.274,10.556,10.556,10.032,10.032,10.595,10.595,9.561,9.561,8.737,8.737,9.028,9.028,9.156,9.156,9.244,9.244,11.896,11.462,10.916,10.556,10.625,10.269,8.696,8.351,8.96,8.647,8.898,8.573,9.218,8.782,9.578,9.238,9.659,9.276,9.245,8.918
"Sewerage, waste collection, treatment and disposal activities; materials recovery, remediation activities and other waste management services",18.045,18.043,18.304,18.302,17.295,17.293,18.024,18.022,17.566,17.564,18.311,18.309,17.619,17.604,19.491,19.477,18.089,18.073,17.98,17.738,18.282,17.917,18.461,17.413,18.879,17.763,19.887,18.832,20.776,19.606,22.033,20.901,20.305,19.357,17.839,17.007,17.747,16.919,16.395,15.121,16.574,15.529,17.726,16.745,18.288,17.268,17.68,16.586,17.881,16.57,17.419,16.374,16.98,15.635,18.709,17.292,18.767,17.503
Construction,237.472,126.3,237.078,126.081,236.473,124.665,259.089,137.797,255.039,135.545,261.921,146.561,266.388,155.953,276.251,165.177,299.463,179.578,303.645,180.64,319.943,198.908,320.418,199.411,341.123,214.026,338.497,213.31,323.451,202.391,277.662,160.496,241.173,140.836,206.795,108.297,202.866,101.804,203.985,113.943,195.16,110.183,197.09,112.526,190.508,109.693,193.462,110.547,192.42,113.095,193.329,111.625,181.892,114.657,188.379,119.101,193.324,123.016
Wholesale and retail trade and repair of motor vehicles and motorcycles,86.853,52.355,85.732,51.564,85.508,51.659,95.878,58.302,89.731,59.685,92.616,58.932,85.141,51.422,90.862,52.762,98.955,57.507,90.361,53.805,92.032,53.458,96.538,56.075,103.686,60.227,99.147,63.115,96.391,62.225,95.355,60.522,86.069,58.587,74.434,46.688,71.754,44.12,70.896,40.877,69.517,40.263,72.935,42.992,69.216,41.409,73.519,42.43,77.264,44.848,75.95,42.733,81.297,44.485,82.064,45.201,83.351,46.864
"Wholesale trade, except of motor vehicles and motorcycles",217.038,140.755,210.99,136.832,213.209,137.635,238.798,154.155,241.266,162.935,241.028,162.776,257.851,184.301,280.898,193.345,285.343,201.017,316.16,221.597,330.752,219.954,339.068,235.584,337.825,247.094,349.64,260.662,347.213,259.521,331.632,251.568,308.137,227.766,286.991,212.642,262.166,192.047,251.715,179.395,231.293,171.402,234.56,177.752,233.667,179.142,248.478,198.55,251.493,201.004,250.468,198.686,265.15,212.747,269.124,218.667,272.267,224.667
"Retail trade, except of motor vehicles and motorcycles",448.211,195.459,437.229,190.488,455.314,203.574,461.721,205.625,466.823,222.189,473.72,220.726,480.314,232.552,488.889,236.515,504.931,251.944,520.911,252.104,504.098,237.147,517.059,246.891,533.091,272.601,531.84,276.955,525.99,273.909,525.41,273.389,491.442,258.011,466.224,242.798,447.952,234.766,453.448,240.649,452.186,243.275,480.94,275.229,478.909,273.709,496.763,297.627,507.829,308.207,495.43,296.495,512.42,322.818,515.03,330.61,518.202,334.446
Land transport and transport via pipelines,173.886,83.462,174.076,83.45,166.357,80.05,171.841,82.688,177.067,86.638,174.147,85.207,165.859,78.137,143.044,66.446,136.129,61.726,134.785,64.106,130.812,68.819,138.707,73.197,126.511,60.355,129.655,57.132,129.794,56.92,128.059,57.134,127.513,59.849,125.331,54.009,123.102,59.322,135.65,68.881,117.038,63.204,121.749,65.235,112.489,56.553,116.587,59.922,120.301,62.841,117.459,60.39,113.698,60.73,115.671,61.444,116.889,62.091
Water transport,35.293,28.891,34.366,28.192,32.44,26.627,36.614,30.053,37.889,30.653,37.375,31.153,35.381,29.39,33.802,31.965,37.48,33.822,33.903,29.035,28.658,26.545,29.773,27.068,32.354,29.51,37.264,33.986,37.263,34.674,37.906,35.335,39.328,37.158,39.641,38.588,42.959,41.951,43.271,42.172,53.96,53.134,56.115,55.376,60.701,59.941,63.634,63.011,64.419,63.534,63.131,62.136,66.249,64.468,66.211,64.797,67.422,66.237
Air transport,18.991,18.991,18.322,18.322,18.036,18.036,16.759,16.759,16.836,16.836,13.948,13.948,13.419,13.419,11.737,11.737,10.923,10.923,4.744,4.744,3.809,3.809,4.202,4.202,4.246,4.246,4.562,4.562,4.502,4.502,4.743,4.743,4.3,4.3,3.561,3.561,3.369,3.369,3.599,3.599,3.793,3.777,3.814,3.781,4.008,3.984,4.536,4.527,4.608,4.595,4.137,4.121,4.229,4.216,4.263,4.248,4.726,4.71
Warehousing and support activities for transportation,31.078,24.768,28.785,22.934,29.117,23.214,30.922,24.652,28.795,22.607,30.544,24.385,32.458,25.87,39.147,34.113,35.818,30.437,36.742,29.639,37.226,31.662,34.15,28.831,32.939,27.403,38.358,31.775,44.234,38.195,41.685,35.098,40.378,35.204,42.585,37.356,44.977,40.139,46.658,42.141,47.264,42.924,46.74,42.574,47.649,43.635,50.431,46.042,51.316,47.302,48.745,44.546,51.884,47.543,55.049,50.643,58.921,53.648
Postal and courier activities,15.953,15.183,17.086,16.262,17.117,16.291,18.201,17.323,17.382,16.543,18.309,17.426,18.158,17.1,19.972,18.958,20.348,19.344,20.167,19.219,21.485,20.703,23.911,23.028,22.367,21.473,21.91,20.758,21.809,20.663,19.656,18.397,17.558,16.346,15.951,14.85,13.828,12.977,15.206,13.853,15.528,14.235,15.104,13.864,15.083,13.892,16.641,15.547,16.298,15.149,19.187,17.909,21.253,19.371,20.867,18.927,21.526,19.104
Accomodation and food and beverage service activities,282.953,145.938,283.775,146.222,290.813,150.909,301.9,156.662,303.614,167.021,311.909,168.712,316.273,179.931,322.42,202.19,326.704,205.039,330.899,204.024,343.621,185.204,357.994,195.099,361.63,197.11,371.696,208.8,372.721,211.935,357.725,229.711,353.712,228.528,349.009,225.069,378.693,254.946,448.089,329.186,445.284,326.911,522.776,407.707,538.709,427.384,603.084,501.988,654.179,549.077,549.658,443.407,640.829,533.115,688.847,579.527,696.774,584.288
Publishing activities,17.486,16.69,17.857,17.03,17.953,17.139,18.562,17.729,18.751,18.208,17.875,17.359,20.601,19.724,22.09,21.095,21.993,21.015,24.413,20.883,21.566,18.541,22.009,18.906,21.016,17.785,20.727,17.537,20.157,16.742,21.323,17.86,19.138,15.986,17.543,14.974,16.786,13.987,14.288,11.755,12.859,10.766,12.335,10.429,11.995,10.09,14.675,13.068,14.523,12.872,13.15,11.313,13.708,11.83,13.749,11.62,13.392,11.64
"Motion picture, video and television programme production, sound recording and music publishing activities. Broadcasting and programming activities",19.983,18.058,20.246,18.273,19.773,17.852,21.997,19.875,20.941,17.996,20.539,18.07,20.533,17.647,23.543,20.544,23.012,19.783,22.102,19.052,22.811,19.662,22.097,18.869,22.696,19.297,21.437,17.801,20.271,16.601,18.605,15.31,17.105,13.701,14.926,11.806,14.023,11.382,14.684,12.13,14.155,11.689,15.562,13.382,16.299,14.128,20.192,18.214,20.504,18.409,19.831,17.451,23.767,20.813,24.905,21.767,24.835,21.753
Telecommunications,24.284,22.74,26.008,24.355,26.056,24.4,27.706,25.945,26.458,24.776,27.87,26.098,28.547,25.611,30.653,28.393,31.083,28.971,30.574,28.784,33.168,32.08,29.862,28.703,28.221,27.083,29.716,28.738,28.133,27.208,30.316,28.182,31.566,29.411,29.253,27.207,30.867,28.992,30.246,28.56,31.271,29.749,29.684,28.238,29.326,28.013,31.154,30.025,32.01,30.872,31.329,30.123,24.03,22.799,24.192,22.849,23.236,21.908
"Computer programming, consultancy and related activities;information service activities",5.904,4.11,5.043,4.55,6.831,6.134,8.902,6.305,9.353,8.245,10.514,9.355,13.193,12.289,20.735,16.706,17.641,13.645,19.909,16.189,17.124,12,23.952,14.262,25.711,16.89,28.467,16.747,28.35,17.428,29.031,19.338,27.596,17.533,28.499,18.376,30.316,20.735,34.89,23.55,30.925,19.436,32.272,21.564,31.747,22.328,34.557,26.604,36.729,27.977,41.025,31.105,51.055,39.095,54.292,40.515,56.135,44.212
"Financial service activities, except insurance and pension funding",60.577,60.577,56.396,56.396,65.085,65.085,66.242,66.242,65.115,65.115,67.85,67.739,62.549,62.308,63.21,62.966,70.509,70.236,71.905,71.626,71.417,71.151,72.923,72.79,75.791,75.652,77.079,76.92,72.151,72.022,68.721,68.601,63.26,63.145,59.593,59.482,56.266,56.157,51.1,51.1,52.525,52.525,49.124,49.124,48.606,48.606,47.268,47.268,43.496,43.496,43.639,43.639,42.868,42.868,42.353,42.353,42.324,42.324
"Insurance, reinsurance and pension funding, except compulsory social security",7.631,7.631,7.218,7.218,7.149,7.149,7.14,7.14,7.404,7.404,8.144,8.144,8.316,8.316,7.692,7.692,8.167,8.167,8.338,8.338,9.156,9.156,8.572,8.572,9.014,9.014,8.788,8.788,8.271,8.271,7.449,7.449,7.526,7.526,6.81,6.81,7.018,7.018,6.924,6.924,6.777,6.777,6.745,6.745,6.722,6.722,6.808,6.808,6.633,6.633,8.721,8.721,8.652,8.652,8.408,8.408,8.591,8.591
Activities auxiliary to financial services and insurance activities,25.72,13.836,23.416,12.597,23.199,12.661,26.226,14.313,27.559,19.224,31.187,20.795,32.493,23.133,27.967,19.525,26.978,18.159,28.362,17.314,29.543,17.726,31.036,18.622,26.249,15.75,26.18,15.708,27.109,16.266,25.731,14.76,27.665,15.869,29.232,16.768,28.403,16.293,27.663,15.65,29.316,14.191,29.527,14.62,25.882,11.741,27.86,13.955,28.89,14.786,28.816,14.724,30.056,15.37,30.519,15.613,31.737,16.607
Real estate activities,3.513,1.476,3.879,1.637,3.401,1.486,4.258,1.863,3.132,1.293,3.531,1.54,4.173,1.379,7.001,2.413,4.795,3.654,7.741,4.622,6.746,4.238,7.179,4.572,7.408,4.714,10.741,6.27,10.821,6.048,12.333,6.536,12.048,7.015,13.286,7.806,13.894,8.91,14.75,10.116,15.156,10.282,17.848,12.31,17.912,12.457,19.766,15.829,22.49,17.84,23.167,15.914,25.075,16.838,27.305,18.856,27.982,19.792
"Legal and accounting activities, activities of head offices; management consultancy activities",76.752,28.618,74.366,27.753,76.808,28.399,89.478,33.084,91.629,35.298,92.65,35.692,101.155,40.382,108.724,42.782,111.523,44.884,123.237,51.194,125.057,57.89,124.722,60.161,123.541,59.591,124.629,59.879,128.612,62.132,130.38,57.832,129.678,54.813,130.541,57.231,139.01,63.44,152.024,76.854,138.582,65.153,139.44,68.389,135.306,67.55,146.551,74.398,148.342,77.384,149.186,78.737,160.552,88.36,161.458,89.603,162.786,94.26
Architecture and engineering activities,43.857,17.495,42.497,16.966,43.854,17.362,51.087,20.225,52.525,21.579,53.111,21.82,58.195,24.687,62.457,26.154,64.213,27.439,71.193,31.297,72.513,30.119,81.145,34.862,81.729,35.113,89.05,34.165,84.212,29.152,77.367,23.719,78.793,26.221,91.27,28.161,93.637,31.677,99.159,32.186,86.781,33.437,83.655,32.839,72.668,27.331,73.055,31.802,71.072,28.48,74.845,28.163,79.601,29.641,81.398,32.338,85.838,34.751
Scientific research and development,3.768,2.594,3.946,2.716,3.866,2.661,4.624,3.183,5.326,3.666,5.178,3.564,3.704,2.546,2.636,1.548,4.552,3.082,5.097,3.451,10.566,8.022,11.402,8.657,12.525,9.629,15.575,12.01,15.774,12.491,11.505,8.137,10.569,7.127,12.315,8.011,13.605,9.169,16.908,11.014,17.445,11.229,14.812,10.278,14.299,10.295,15.496,11.901,17.399,12.75,17.054,11.113,20.01,13.103,20.451,13.096,21.995,14.133
Advertising and market research,8.006,5.877,7.758,5.7,8.015,5.833,9.336,6.795,9.55,7.249,9.657,7.33,10.534,8.294,11.326,8.786,11.611,9.218,12.82,10.514,13.269,10.463,15.273,12.043,16.305,10.649,16.844,11.19,18.228,12.665,17.916,12.308,17.463,12.148,16.687,11.01,15.867,11.27,17.984,13.115,17.496,12.877,16.859,12.592,15.424,11.533,16.832,13.35,16.384,12.605,15.73,11.709,18.381,13.884,18.725,14.062,19.027,14.785
"Other professional, scientific, technical and veterinary activities",15.066,4.527,14.671,4.444,15.118,4.529,17.523,5.21,17.941,5.554,18.101,5.577,19.618,6.238,21.038,6.597,21.555,6.893,23.87,7.862,24.761,10.166,23.209,9.601,21.161,10.126,22.11,10.561,23.639,12.566,26.109,13.551,25.239,12.812,23.854,12.178,21.042,11.391,18.257,9.201,16.794,9.228,17.403,10.03,18.478,11.173,19.083,9.102,18.927,8.602,17.37,9.159,19.25,10.256,19.98,10.557,18.699,9.222
Rental and leasing activities,8.246,2.941,7.472,2.536,6.346,2.197,9.404,3.256,7.163,3.445,5.508,1.904,6.938,2.4,8.327,2.422,9.967,2.869,13.379,4.819,13.244,5.95,11.878,5.135,12.489,5.514,13.748,5.774,13.3,5.593,14.008,5.891,14.301,6.15,12.636,6.183,11.757,5.902,13.621,8.003,11.592,6.703,13.319,8.733,13.16,8.612,15.138,10.754,16.94,12.152,14.35,8.943,17.218,11.298,19.75,13.816,19.172,13.684
Employment activities,3.222,2.759,3.124,2.676,3.208,2.738,3.738,3.19,3.923,3.403,3.967,3.441,4.174,3.612,4.623,4.015,4.649,4.033,4.889,4.249,3.174,2.79,5.102,4.425,4.993,4.591,6.081,5.758,4.803,4.502,4.989,4.731,5.346,5.11,5.932,5.722,6.143,5.944,11.462,11.295,12.394,12.212,15.549,15.392,16.771,16.627,15.389,15.249,17.642,17.473,19.307,19.109,24.205,24.002,25.018,24.783,27.077,26.85
"Travel agency, tour operator and other reservation service activities",14.483,10.128,13.397,9.366,13.56,9.488,14.385,10.066,13.493,9.238,14.206,9.943,15.09,10.52,17.188,13.822,16.019,12.359,16.939,12.031,14.089,10.358,15.009,11.761,15.967,12.566,15.111,11.217,14.754,11.503,14.695,11.698,14.565,11.444,16.303,13.316,18.171,13.906,21.328,16.495,20.696,15.545,20.872,15.667,20.164,16.364,21.97,19.188,22.459,19.506,17.306,14.396,17.616,14.508,20.471,17.235,19.939,16.615
"Security and investigation activities; services to buildings and landscape activities; office administrative, office support and other business support",44.15,35.71,42.979,34.838,43.679,35.002,49.184,39.166,49.969,41.026,50.066,41.146,54.368,46.18,58.536,49.007,59.819,51.189,65.8,58.11,80.723,73.716,64.175,57.717,71.622,63.604,73.136,64.949,75.988,67.482,76.941,64.401,72.757,61.585,72.649,61.494,77.057,64.955,75.358,62.524,74.859,64.135,81.567,71.309,82.545,73.06,83.843,75.134,85.443,76.132,83.968,73.848,89.48,78.435,96.355,84.712,97.844,87.117
Public administration and defence,334.57,334.57,339.446,339.446,334.612,334.612,332.848,332.848,333.194,333.194,363.06,363.06,362.541,362.541,370.787,370.787,372.244,372.244,403.125,403.125,390.549,390.549,422.02,422.02,430.561,430.561,428.411,428.411,420.651,420.651,425.228,425.228,408.851,408.851,384.135,384.135,382.208,382.208,380.345,380.345,382.246,382.246,384.991,384.991,387.147,387.147,392.672,392.672,398.276,398.276,398.354,398.354,394.016,394.016,392.817,392.817,392.849,392.849
Education,261.485,236.417,266.507,240.996,273.361,247.653,282.002,255.371,283.75,260.462,287.364,263.784,293.301,259.02,307.989,283.911,315.853,291.006,349.366,320.672,348.237,319.84,350.61,322.02,352.605,326.478,350.091,325.143,354.514,327.701,350.52,323.648,348.241,322.597,340.886,319.308,334.385,312.97,351.954,328.963,349.884,327.479,353.184,331.832,354.003,330.105,361.658,336.665,364.145,338.495,367.165,340.252,373.709,343.913,376.913,346.707,373.768,344.453
Human health activities,140.859,110.644,147.316,115.716,146.879,115.449,157.875,124.091,161.678,131.032,157.414,126.466,156.826,130.367,162.123,134.771,164.423,136.68,189.937,157.86,187.616,157.462,190.823,158.194,204.766,165.9,204.458,168.283,200.285,164.502,204.973,166.374,204.457,161.88,207.694,161.542,216.19,166.996,216.819,164.095,208.368,155.849,214.86,161.31,216.526,162.188,218.275,166.218,227.455,174.555,239.853,185.677,251.869,194.704,253.897,195.203,259.291,199.615
Social work activities,22.79,21.027,23.834,21.991,23.764,21.927,25.542,23.568,26.147,24.164,25.461,23.534,25.355,24.26,26.21,25.079,26.582,25.434,30.708,29.376,30.239,29.052,33.644,31.514,34,32.368,31.134,29.973,33.967,32.782,34.884,33.463,33.739,31.174,31.567,29.411,28.52,26.651,32.574,29.296,35.426,32.915,38.025,35.609,34.689,32.255,40.793,38.559,41.205,38.948,42.018,39.587,44.595,41.902,46.685,43.989,48.208,45.426
"Creative, arts and entertainment activities.
Libraries, archives, museums and other cultural activities
Gambling and betting activities",32.827,24.149,33.257,24.423,32.463,23.86,36.148,26.564,34.527,23.27,33.82,23.716,33.82,23.048,38.821,26.985,38.072,26.079,36.507,25.124,41.841,27.975,41.031,26.499,46.58,31.987,49.743,33.039,44.793,28.429,39.15,25.753,37.855,23.361,38.833,24.15,41.38,25.998,48.233,30.919,42.461,28.996,42.866,30.016,41.847,29.065,45.074,33.081,47.805,35.595,45.703,34.049,44.484,33.431,45.478,34.735,43.347,33.491
Sports activities and amusement and recreation activities,10.928,8.937,11.012,8.997,10.749,8.785,11.974,9.786,11.527,8.934,11.306,8.959,11.328,8.747,12.885,10.136,12.684,9.797,12.279,9.511,13.386,11.389,15.489,13.252,16.508,14.124,16.667,14.18,16.199,13.541,16.836,13.121,16.122,12.847,18.338,13.157,21.825,16.577,23.906,18.806,25.487,20.359,26.269,21.119,27.98,22.788,31.352,26.037,34.745,28.96,36.848,31.304,38.297,33.014,38.14,31.711,36.152,29.751
Activities of membership organizations,20.693,20.693,19.006,19.006,17.736,17.736,20.58,20.58,17.76,17.76,18.302,18.302,20.32,20.32,23.04,23.04,26.427,26.427,24.834,24.834,23.805,23.805,24.545,24.545,23.611,23.611,25.76,25.76,27.2,27.2,34.03,34.03,33.445,33.445,33.432,33.432,34.602,34.602,32.621,32.621,27.743,27.743,29.668,29.668,29.522,29.522,32.07,32.07,34.092,34.092,39.972,39.972,43.957,43.957,44.588,44.588,43.559,43.559
Repair of computers and personal and household goods,11.119,1.901,10.837,1.867,11.355,2.072,11.512,2.094,11.713,2.373,11.912,2.399,12.363,2.64,13.128,2.854,13.213,2.878,13.819,2.976,13.694,3.24,17.661,6.77,17.667,7.595,17.074,6.259,16.535,5.72,13.418,2.513,11.992,3.439,11.609,3.627,11.515,3.686,12.756,3.954,11.776,3.954,11.647,4.881,11.429,4.9,11.79,4.996,11.597,4.732,10.066,3.7,12.791,4.224,13.481,4.296,14.307,4.545
Other personal service activities,70.81,31.389,71.252,31.604,70.451,30.812,72.191,31.57,76.178,32.783,70.388,32.25,68.836,31.574,73.498,33.712,75.669,34.708,81.311,37.296,83.633,42.652,80.262,35.437,83.509,36.871,82.674,36.502,81.787,38.365,78.469,38.239,75.804,36.94,68.166,33.493,63.53,31.2,65.413,32.984,68.491,34.025,68.546,34.231,72.323,38.254,75.275,40.869,76.224,39.436,78.707,39.776,75.095,46.444,75.552,47.512,75.337,48.981
Activities of households as employers of domestic personnel. Undifferentiated goods- and services-producing activities of private households for own use,31.961,30.519,36.817,35.156,38.955,37.198,43.396,41.439,48.208,46.034,49.522,47.288,46.7,44.594,51.947,49.604,55.462,52.96,65.792,62.825,63.535,60.326,65.351,62.029,65.449,62.144,67.692,64.16,75.884,71.735,82.704,78.686,73.611,70.036,56.074,51.793,50.409,46.561,48.518,44.794,46.929,44.329,42.647,39.739,37.369,32.794,34.2,29.401,31.005,27.637,28.28,23.929,23.478,16.28,25.856,17.524,26.416,19.381
Activities of extraterritorial organizations and bodies,0,0,0,0,0,0,0,0,0,0,0,0,0,0,0,0,0,0,0,0,0,0,0,0,0,0,0,0,0,0,0,0,0,0,0,0,0,0,0,0,0,0,0,0,0,0,0,0,0,0,0,0,0,0,0,0,0,0
TOTAL,4152.507,2461.262,4132.133,2457.397,4120.746,2465.784,4298.7,2579.072,4308.051,2642.41,4324.316,2682.613,4334.453,2734.331,4440.866,2846.975,4491.122,2899.447,4606.833,3005.567,4652.092,2983.529,4742.951,3070.723,4806.731,3151.036,4867.126,3212.391,4835.998,3186.538,4706.437,3138.25,4505.137,3001.991,4325.833,2850.294,4300.666,2852.695,4453.731,2998.741,4322.573,2978.989,4469.514,3154.022,4446.627,3149.11,4650.344,3377.196,4751.956,3478.726,4629.794,3344.697,4865.559,3534.673,4983.638,3643.533,5044.043,3701.428
